{
    "$schema": "https://schema.management.azure.com/schemas/2015-01-01/deploymentParameters.json#",
    "contentVersion": "1.0.0.0",
    "parameters": {
        "subscriptionId": {
            "value": "65911ece-b772-4e16-ab25-fc95982846dc"
        },
        "name": {
            "value": "NARENDRAWEBAPP"
        },
        "location": {
            "value": "Central US"
        },
        "hostingPlanName": {
            "value": "ASP-BABURG-8f22"
        },
        "serverFarmResourceGroup": {
            "value": "BABURG"
        },
        "alwaysOn": {
            "value": true
        },
        "sku": {
            "value": "Standard"
        },
        "skuCode": {
            "value": "S1"
        },
        "workerSize": {
            "value": "0"
        },
        "workerSizeId": {
            "value": "0"
        },
        "numberOfWorkers": {
            "value": "1"
        },
        "currentStack": {
            "value": "dotnet"
        },
        "phpVersion": {
            "value": "OFF"
        },
        "netFrameworkVersion": {
            "value": "v5.0"
        }
    }
}